train_type,train_name,observations
S,S S19,63888
S,S S12,38810
NX,NX RB48,36999
TR,TR RB26,29914
S,S S11,29780
S,S S6,27335
RB,RB RB27,26111
NX,NX RE5,22839
RE,RE RE8,20339
RB,RB RB24,16717
RE,RE RE9,15746
NX,NX RE6,15686
RE,RE RE22,14403
RB,RB RB25,13982
NX,NX RE1,13154
S,S S23,12644
RB,RB RB38,10415
NX,NX RE7,9792
S,S 19,6254
S,S 12,4030
RB,RB RB30,3971
RB,RB 48,3377
S,S 11,2888
RB,RB 26,2865
Bus,Bus S19,2712
S,S 6,2622
RB,RB 27,2529
RE,RE 5,2298
RE,RE RE12,2210
RB,RB 25,1850
RE,RE 8,1790
RB,RB 24,1777
RE,RE 9,1383
RE,RE 22,1376
S,S 23,1304
RE,RE 1,1259
EST,EST,1032
RE,RE 6,1024
RE,RE 7,868
Bus,Bus RE6,768
NJ,NJ,761
FLX,FLX 30,637
Bus,Bus S23,603
RB,RB 38,586
EUR,EUR,548
TRI,TRI RE1,480
RB,RB 30,394
Bus,Bus S12,385
Bus,Bus RB26,384
Bus,Bus S23X,337
Bus,Bus S11,323
FLX,FLX 20,305
IC,IC 5106,302
IC,IC 5107,300
ICE,ICE 523,292
ICE,ICE 826,287
ICE,ICE 28,281
IC,IC 2013,280
IC,IC 2012,277
ICE,ICE 827,267
ICE,ICE 1028,266
IC,IC 60402,255
ICE,ICE 524,251
RE,RE 12,248
ICE,ICE 921,245
IC,IC 2205,244
IC,IC 2347,242
IC,IC 2202,240
IC,IC 2206,239
ICE,ICE 920,236
IC,IC 60403,230
Bus,Bus RB25,223
IC,IC 1948,220
Bus,Bus S6,217
Bus,Bus RE1,214
ICE,ICE 1022,213
ICE,ICE 927,213
Bus,Bus RB48,212
ICE,ICE 929,212
ICE,ICE 1020,211
IC,IC 1941,210
ICE,ICE 1021,207
Bus,Bus RE9,203
Bus,Bus RE5X,194
ICE,ICE 1645,191
IC,IC 2241,190
ICE,ICE 1648,190
ICE,ICE 710,190
ICE,ICE 25,189
ICE,ICE 1640,187
ICE,ICE 1644,187
ICE,ICE 926,185
ICE,ICE 1649,183
ICE,ICE 1033,178
IC,IC 2242,177
ICE,ICE 1032,177
ICE,ICE 1049,177
IC,IC 1940,174
IC,IC 1946,174
IC,IC 1148,173
ICE,ICE 24,169
IC,IC 1947,166
TR,25409,165
TR,25445,164
ICE,ICE 1228,162
ICE,ICE 1229,162
ICE,ICE 623,162
TR,25404,160
TR,25406,160
TR,25440,159
TR,25405,157
TR,25407,157
NX,17319,155
NX,17338,155
NX,17342,155
NX,17343,155
NX,17346,155
NX,17350,155
NX,17351,155
NX,17354,155
NX,17358,155
NX,17359,155
NX,17362,155
NX,17366,155
NX,17367,155
NX,17370,155
NX,28507,155
NX,28508,155
NX,28509,155
NX,28510,155
NX,28511,155
NX,28512,155
NX,28513,155
NX,28514,155
NX,28515,155
NX,28516,155
NX,28517,155
NX,28518,155
NX,28519,155
NX,28520,155
NX,28521,155
NX,28522,155
NX,28523,155
NX,28524,155
NX,28525,155
NX,28526,155
NX,28527,155
NX,28528,155
NX,28529,155
NX,28530,155
NX,28531,155
NX,28532,155
TR,25410,155
TR,25412,155
TR,25414,155
TR,25415,155
TR,25416,155
TR,25417,155
TR,25418,155
TR,25419,155
TR,25420,155
TR,25421,155
TR,25422,155
TR,25423,155
TR,25424,155
TR,25425,155
TR,25426,155
TR,25427,155
TR,25428,155
TR,25429,155
TR,25430,155
TR,25431,155
TR,25432,155
TR,25433,155
TR,25434,155
TR,25435,155
TR,25436,155
TR,25437,155
TR,25438,155
TR,25439,155
TR,25441,155
RB,10604,154
RB,10606,154
RB,10608,154
RB,10609,154
RB,10610,154
RB,10611,154
RB,10612,154
RB,10613,154
RB,10614,154
RB,10615,154
RB,10616,154
RB,10617,154
RB,10618,154
RB,10619,154
RB,10620,154
RB,10621,154
RB,10622,154
RB,10623,154
RB,10624,154
RB,10625,154
RB,10626,154
RB,10627,154
RB,10628,154
RB,10629,154
RB,10630,154
RB,10631,154
RB,10633,154
RB,10635,154
TR,25403,154
IC,IC 1147,153
TR,25442,152
ICE,ICE 1010,151
ICE,ICE 12,151
ICE,ICE 14,151
ICE,ICE 15,151
ICE,ICE 17,151
ICE,ICE 314,151
ICE,ICE 315,151
ICE,ICE 518,151
ICE,ICE 519,151
ICE,ICE 610,151
ICE,ICE 611,151
ICE,ICE 612,151
ICE,ICE 613,151
ICE,ICE 626,151
ICE,ICE 628,151
ICE,ICE 720,151
ICE,ICE 722,151
ICE,ICE 724,151
ICE,ICE 726,151
ICE,ICE 727,151
ICE,ICE 918,151
TR,25402,151
ICE,ICE 1011,150
ICE,ICE 1013,150
ICE,ICE 11,150
ICE,ICE 13,150
ICE,ICE 16,150
ICE,ICE 18,150
ICE,ICE 206,150
ICE,ICE 208,150
ICE,ICE 316,150
ICE,ICE 513,150
ICE,ICE 515,150
ICE,ICE 517,150
ICE,ICE 543,150
ICE,ICE 614,150
ICE,ICE 616,150
ICE,ICE 627,150
ICE,ICE 629,150
ICE,ICE 721,150
ICE,ICE 723,150
ICE,ICE 725,150
ICE,ICE 728,150
TR,25400,150
ICE,ICE 10,149
ICE,ICE 19,149
ICE,ICE 317,149
ICE,ICE 512,149
ICE,ICE 514,149
ICE,ICE 516,149
ICE,ICE 525,149
ICE,ICE 527,149
ICE,ICE 528,149
ICE,ICE 529,149
ICE,ICE 544,149
ICE,ICE 615,149
ICE,ICE 617,149
ICE,ICE 620,149
ICE,ICE 621,149
ICE,ICE 622,149
ICE,ICE 624,149
ICE,ICE 625,149
ICE,ICE 820,149
ICE,ICE 824,149
ICE,ICE 915,149
TR,25443,149
ICE,ICE 729,148
ICE,ICE 821,148
ICE,ICE 823,148
ICE,ICE 100,147
ICE,ICE 205,147
ICE,ICE 511,147
NX,17315,147
NX,17318,147
NX,17322,147
NX,17326,147
NX,17327,147
NX,17330,147
NX,17334,147
NX,17335,147
NX,28534,147
ICE,ICE 1015,146
ICE,ICE 521,146
ICE,ICE 843,146
ICE,ICE 912,146
ICE,ICE 101,144
ICE,ICE 103,144
ICE,ICE 105,144
ICE,ICE 106,144
ICE,ICE 107,144
ICE,ICE 108,144
ICE,ICE 109,144
ICE,ICE 200,144
ICE,ICE 202,144
ICE,ICE 619,143
ICE,ICE 845,143
NX,28533,143
ICE,ICE 102,142
ICE,ICE 104,142
ICE,ICE 203,142
ICE,ICE 542,142
ICE,ICE 207,140
NX,17371,140
ICE,ICE 526,139
ICE,ICE 910,139
IC,IC 2310,138
ICE,ICE 218,138
ICE,ICE 916,138
ICE,ICE 919,138
RB,10632,138
ICE,ICE 119,137
ICE,ICE 219,137
ICE,ICE 318,137
ICE,ICE 118,136
ICE,ICE 1540,136
ICE,ICE 1541,136
NX,17374,136
ICE,ICE 1514,134
ICE,ICE 1516,134
ICE,ICE 1517,134
ICE,ICE 1518,134
ICE,ICE 1519,134
ICE,ICE 1611,134
ICE,ICE 201,134
ICE,ICE 618,134
ICE,ICE 1515,133
ICE,ICE 1610,133
ICE,ICE 1612,133
ICE,ICE 1713,133
ICE,ICE 122,132
ICE,ICE 123,132
ICE,ICE 124,132
ICE,ICE 125,132
ICE,ICE 126,132
ICE,ICE 127,132
ICE,ICE 1512,132
ICE,ICE 1613,132
ICE,ICE 1714,132
NX,28538,132
ICE,ICE 121,131
ICE,ICE 128,131
ICE,ICE 204,131
ICE,ICE 220,131
ICE,ICE 222,131
ICE,ICE 225,131
NX,17378,131
NX,28506,131
ICE,ICE 129,130
ICE,ICE 221,130
NX,17375,130
ICE,ICE 224,129
ICE,ICE 319,128
ICE,ICE 120,127
ICE,ICE 522,127
ICE,ICE 1548,126
NX,28536,126
NX,17323,124
NX,17331,124
NX,17339,124
NX,17347,124
NX,17355,124
NX,17363,124
RE,10809,124
RE,10810,124
RE,10811,124
RE,10812,124
RE,10813,124
RE,10814,124
RE,10815,124
RE,10816,124
RE,10817,124
RE,10818,124
RE,10819,124
RE,10820,124
RE,10821,124
RE,10822,124
RE,10823,124
RE,10824,124
RE,10825,124
RE,10827,124
RE,10828,124
RE,10829,124
RE,10830,124
RE,10831,124
RE,10832,124
RE,10834,124
RE,10836,124
ICE,ICE 1012,123
ICE,ICE 822,123
S,31012,123
S,31019,123
S,31020,123
S,31027,123
S,31028,123
S,31035,123
S,31038,123
S,31046,123
S,31047,123
S,31054,123
S,31055,123
S,31062,123
S,31063,123
S,31070,123
S,31071,123
S,31078,123
S,31079,123
S,31086,123
S,31087,123
S,31094,123
S,31095,123
S,32002,123
S,32003,123
S,32010,123
S,32011,123
S,32018,123
S,32019,123
S,32026,123
S,32027,123
S,32034,123
S,32035,123
IC,IC 2311,122
ICE,ICE 1549,122
ICE,ICE 209,122
ICE,ICE 229,122
ICE,ICE 27,122
ICE,ICE 541,122
ICE,ICE 545,122
ICE,ICE 546,122
ICE,ICE 913,122
S,32045,122
ICE,ICE 1014,121
ICE,ICE 26,120
NX,28535,120
RE,10833,120
IC,IC 2156,119
IC,IC 2157,119
RB,10637,119
ICE,ICE 844,117
IC,IC 2207,116
ICE,ICE 847,115
NX,17311,115
NX,17314,115
NX,28503,115
NX,28505,115
TR,25408,115
TR,25413,115
ICE,ICE 1052,114
ICE,ICE 1520,114
RB,10602,114
RB,10607,114
ICE,ICE 1050,113
ICE,ICE 1053,113
ICE,ICE 510,113
S,32040,113
ICE,ICE 1521,112
RE,10838,112
ICE,ICE 911,111
IC,IC 1149,110
ICE,ICE 1747,110
ICE,ICE 1036,109
ICE,ICE 1037,109
S,32047,106
RB,10639,104
IC,IC 2155,103
ICE,ICE 713,103
NX,17379,103
S,32042,101
S,32044,101
S,32046,101
NX,28504,100
RE,10835,100
S,32038,100
S,32049,99
S,32051,99
S,32053,99
S,32054,99
S,32056,99
S,32058,99
S,32060,99
S,32061,99
S,32062,99
S,32063,99
S,32064,99
S,32065,99
S,32067,99
S,32073,99
S,32075,99
ICE,ICE 553,98
ICE,ICE 556,97
NX,26801,97
RE,10839,96
ICE,ICE 1055,95
ICE,ICE 711,95
IC,IC 1146,94
ICE,ICE 1546,94
IC,IC 2204,93
RB,10402,93
RB,10405,93
RB,10406,93
RB,10409,93
RB,10410,93
RB,10411,93
RB,10413,93
RB,10415,93
RB,10416,93
RB,10417,93
RB,10418,93
RB,10420,93
RB,10421,93
RB,10422,93
RB,10424,93
RB,10425,93
RB,10427,93
RB,10428,93
RB,10431,93
RB,10432,93
RB,10434,93
RB,10435,93
RB,10436,93
RB,10438,93
RB,10439,93
RB,10440,93
RB,10442,93
RB,10443,93
RB,10444,93
RB,10445,93
RB,10447,93
RE,10904,93
RE,10906,93
RE,10907,93
RE,10908,93
RE,10909,93
RE,10910,93
RE,10911,93
RE,10912,93
RE,10913,93
RE,10914,93
RE,10915,93
RE,10916,93
RE,10917,93
RE,10918,93
RE,10919,93
RE,10920,93
RE,10921,93
RE,10922,93
RE,10923,93
RE,10924,93
RE,10925,93
RE,10926,93
RE,10927,93
RE,10928,93
RE,10929,93
RE,10930,93
RE,10931,93
RE,10932,93
S,32216,93
S,32224,93
S,32234,93
S,32239,93
S,32242,93
S,32247,93
S,32250,93
S,32258,93
S,32268,93
S,32280,93
S,32292,93
S,33204,93
S,33216,93
S,33228,93
S,33240,93
S,33252,93
S,33262,93
S,33271,93
IC,IC 2201,92
ICE,ICE 1225,92
NX,89702,92
NX,89704,92
NX,89706,92
NX,89708,92
NX,89710,92
NX,89711,92
NX,89712,92
NX,89713,92
NX,89714,92
NX,89715,92
NX,89716,92
NX,89717,92
NX,89718,92
NX,89719,92
NX,89720,92
NX,89721,92
NX,89722,92
NX,89723,92
NX,89724,92
NX,89725,92
NX,89726,92
NX,89727,92
NX,89728,92
NX,89729,92
NX,89730,92
NX,89731,92
NX,89733,92
NX,89735,92
NX,89737,92
NX,89739,92
RB,10641,92
RE,10802,92
RE,10804,92
RE,10805,92
ICE,ICE 1543,91
ICE,ICE 712,91
ICE,ICE 846,91
S,31033,91
S,31036,91
S,31040,91
S,31044,91
S,31048,91
S,31049,91
S,31052,91
S,31053,91
S,31056,91
S,31057,91
S,31060,91
S,31061,91
S,31064,91
S,31065,91
S,31068,91
S,31069,91
S,31072,91
S,31073,91
S,31076,91
S,31077,91
S,31080,91
S,31081,91
S,31084,91
S,31085,91
S,31088,91
S,31089,91
S,31092,91
S,31093,91
S,31096,91
S,31097,91
S,32000,91
S,32001,91
S,32004,91
S,32005,91
S,32008,91
S,32009,91
S,32012,91
S,32013,91
S,32016,91
S,32017,91
S,32020,91
S,32021,91
S,32024,91
S,32025,91
S,32028,91
S,32029,91
S,32032,91
S,32033,91
ICE,ICE 547,90
NX,17306,90
NX,17307,90
NX,17309,90
NX,17310,90
NX,17312,90
NX,17313,90
NX,17316,90
NX,17317,90
NX,17320,90
NX,17324,90
NX,17337,90
NX,17340,90
NX,17341,90
NX,17344,90
NX,17345,90
NX,17348,90
NX,17349,90
NX,17352,90
NX,17353,90
NX,17356,90
NX,17357,90
NX,17360,90
NX,17361,90
NX,17364,90
NX,17365,90
NX,17368,90
NX,28501,90
RB,10449,90
S,32043,90
TR,25411,90
ICE,ICE 842,89
ICE,ICE 848,89
ICE,ICE 947,89
ICE,ICE 1224,88
ICE,ICE 1716,88
TR,25401,88
ICE,ICE 1511,87
ICE,ICE 1513,87
ICE,ICE 1221,86
ICE,ICE 1542,86
RE,10837,86
RE,10840,86
RE,10842,86
ICE,ICE 555,85
ICE,ICE 557,85
ICE,ICE 558,85
ICE,ICE 559,85
ICE,ICE 650,85
ICE,ICE 651,85
ICE,ICE 652,85
ICE,ICE 653,85
RB,10634,84
RB,10636,84
S,33264,84
ICE,ICE 548,83
ICE,ICE 549,83
ICE,ICE 640,83
ICE,ICE 641,83
ICE,ICE 642,83
ICE,ICE 643,83
ICE,ICE 655,83
ICE,ICE 849,83
ICE,ICE 940,83
ICE,ICE 941,83
ICE,ICE 942,83
ICE,ICE 943,83
ICE,ICE 944,83
ICE,ICE 945,83
ICE,ICE 552,82
ICE,ICE 644,82
ICE,ICE 645,82
ICE,ICE 654,82
ICE,ICE 946,82
NX,26844,82
TRI,TRI RE7,82
ICE,ICE 554,81
RE,10933,81
RE,10936,81
NX,17386,80
RE,10934,79
TR,25444,79
Bus,Bus RB27,78
IC,IC 2240,78
NX,89732,78
RE,10002,78
RE,10004,78
S,32263,78
S,32275,78
S,32289,78
S,33201,78
S,33215,78
S,33231,78
S,33243,78
S,33251,78
S,33273,77
RB,10446,76
RB,10448,76
RB,10453,76
RE,10935,76
RE,10937,76
RB,10451,75
NX,89741,74
S,32048,74
RB,10643,73
RE,10803,72
RE,10806,72
S,31006,72
S,31007,72
S,31010,72
S,31013,72
S,31014,72
S,31017,72
S,31018,72
S,31021,72
S,31022,72
S,31025,72
S,31026,72
S,31029,72
S,31030,72
S,31037,72
S,31043,72
S,32037,72
TR,25448,72
RE,10047,71
RE,10049,71
IC,IC 1143,70
IC,IC 2203,70
IC,IC 2349,70
ICE,ICE 1158,70
NX,17303,70
TR,25447,70
TR,25451,70
ICE,ICE 1155,69
ICE,ICE 1156,69
NX,89734,69
RE,10000,69
RE,10901,69
RE,10905,69
S,32208,69
S,32240,69
S,32248,69
S,32255,69
S,32256,69
S,32266,69
S,33260,69
S,33261,69
S,33263,69
ICE,ICE 29,68
ICE,ICE 646,68
S,31002,68
ICE,ICE 1157,67
ICE,ICE 1159,67
ICE,ICE 657,67
NX,89743,66
S,31005,65
S,31000,64
S,31001,64
ICE,ICE 1220,63
NX,89709,63
RE,10006,63
RE,10008,63
RE,10010,63
RE,10012,63
RE,10014,63
RE,10015,63
RE,10017,63
RE,10019,63
RE,10021,63
RE,10024,63
RE,10025,63
RE,10027,63
RE,10028,63
RE,10029,63
RE,10030,63
RE,10032,63
RE,10033,63
RE,10035,63
RE,10036,63
RE,10037,63
RE,10038,63
RE,10039,63
IC,1940,62
IC,1941,62
IC,1946,62
IC,1947,62
IC,1948,62
IC,2012,62
IC,2013,62
IC,2202,62
IC,2205,62
IC,2206,62
IC,2241,62
IC,5106,62
IC,5107,62
ICE,1020,62
ICE,1021,62
ICE,1022,62
ICE,1049,62
ICE,1221,62
ICE,1224,62
ICE,1225,62
ICE,1228,62
ICE,1229,62
ICE,1640,62
ICE,1644,62
ICE,1645,62
ICE,1648,62
ICE,1649,62
ICE,25,62
ICE,28,62
ICE,926,62
ICE,927,62
ICE,929,62
NX,17403,62
NX,17405,62
NX,17406,62
NX,17407,62
NX,17408,62
NX,17409,62
NX,17410,62
NX,17411,62
NX,17412,62
NX,17413,62
NX,17414,62
NX,17415,62
NX,17416,62
NX,17417,62
NX,17418,62
NX,17419,62
NX,17420,62
NX,17421,62
NX,17422,62
NX,17423,62
NX,17424,62
NX,17425,62
NX,17426,62
NX,17427,62
NX,17428,62
NX,17429,62
NX,17430,62
NX,17431,62
NX,17432,62
NX,17434,62
NX,26802,62
NX,26804,62
NX,26807,62
NX,26808,62
NX,26809,62
NX,26810,62
NX,26811,62
NX,26812,62
NX,26813,62
NX,26814,62
NX,26815,62
NX,26816,62
NX,26817,62
NX,26818,62
NX,26819,62
NX,26820,62
NX,26821,62
NX,26822,62
NX,26823,62
NX,26824,62
NX,26825,62
NX,26826,62
NX,26827,62
NX,26828,62
NX,26829,62
NX,26830,62
NX,26831,62
NX,26832,62
NX,26833,62
NX,26835,62
NX,89700,62
RB,10253,62
RB,10254,62
RB,10255,62
RB,10256,62
RB,10257,62
RB,10258,62
RB,10259,62
RB,10260,62
RB,10261,62
RB,10262,62
RB,10263,62
RB,10264,62
RB,10265,62
RB,10266,62
RB,10267,62
RB,10268,62
RB,10269,62
RB,10270,62
RB,10271,62
RB,10272,62
RB,10273,62
RB,10274,62
RB,10275,62
RB,10276,62
RB,10277,62
RB,10278,62
RB,10279,62
RB,10280,62
RB,10282,62
S,30612,62
S,30619,62
S,30620,62
S,30627,62
S,30628,62
S,30635,62
S,30636,62
S,30643,62
S,30644,62
S,30651,62
S,30652,62
S,30659,62
S,30660,62
S,30667,62
S,30668,62
S,30675,62
S,30676,62
S,30683,62
S,30684,62
S,30691,62
S,30692,62
S,30699,62
S,31600,62
S,31607,62
S,31608,62
S,31615,62
S,31616,62
S,31623,62
S,31624,62
S,31631,62
S,32112,62
S,32134,62
S,32141,62
S,32146,62
S,32149,62
S,32154,62
S,32157,62
S,32162,62
S,32165,62
S,32170,62
S,32173,62
S,32178,62
S,32181,62
S,32186,62
S,32189,62
S,32194,62
S,32197,62
S,33102,62
S,33105,62
S,33110,62
S,33113,62
S,33118,62
S,33121,62
S,33126,62
S,33129,62
S,33134,62
S,33137,62
S,33142,62
S,33144,62
S,33145,62
IC,2347,61
ICE,523,61
ICE,ICE 855,61
ICE,ICE 857,61
NX,26803,61
NX,89736,61
S,32069,61
IC,60402,60
IC,IC 2040,60
ICE,ICE 1154,60
NJ,402,60
RB,10252,60
RB,10281,60
RB,10284,60
ICE,24,59
ICE,826,59
S,33270,59
S,33275,59
IC,2242,57
ICE,ICE 854,57
S,32066,57
IC,IC 1141,56
ICE,827,56
S,33147,56
S,33277,56
IC,2008,55
NX,26800,55
NX,26837,55
NX,26841,55
IC,IC 2348,54
IC,IC 2400,54
IC,IC 2401,54
IC,IC 2402,54
IC,IC 2404,54
IC,IC 2405,54
IC,IC 2406,54
IC,IC 2407,54
IC,IC 2408,54
IC,IC 2409,54
ICE,921,54
ICE,ICE 656,54
NX,26839,54
NX,26848,54
NX,89707,54
NX,89746,54
RB,10400,54
RB,10401,54
RB,10404,54
RB,10408,54
RB,10429,54
RB,10433,54
RB,10437,54
RB,10441,54
RE,10013,54
RE,10018,54
RE,10022,54
RE,10057,54
RE,10059,54
RE,10902,54
RE,10903,54
RE,4180,54
RE,4181,54
RE,4182,54
RE,4183,54
RE,4184,54
RE,4185,54
S,32203,54
S,32206,54
S,32207,54
S,32209,54
S,32210,54
S,32213,54
S,32214,54
S,32217,54
S,32218,54
S,32219,54
S,32222,54
S,32223,54
S,32226,54
S,32227,54
S,32229,54
S,32232,54
S,32233,54
S,32236,54
S,32237,54
S,32241,54
S,32244,54
S,32245,54
S,32249,54
S,32252,54
S,32253,54
S,32257,54
S,32260,54
S,32261,54
S,32265,54
S,32270,54
S,32271,54
S,32276,54
S,32279,54
S,32282,54
S,32285,54
S,32288,54
S,32293,54
S,32294,54
S,32299,54
S,33200,54
S,33205,54
S,33206,54
S,33211,54
S,33212,54
S,33218,54
S,33219,54
S,33224,54
S,33225,54
S,33230,54
S,33233,54
S,33238,54
S,33239,54
S,33242,54
S,33245,54
S,33248,54
S,33249,54
S,33254,54
S,33255,54
S,33259,54
S,33269,54
NX,26834,53
ICE,1028,52
ICE,ICE 853,52
NX,26836,52
RB,10647,52
RE,10808,52
S,33146,52
IC,IC 1140,51
ICE,920,51
S,31015,51
S,31016,51
S,31023,51
S,31024,51
S,32055,49
RB,10649,48
RE,10041,48
RE,10043,48
RE,10045,48
S,32059,48
S,32201,48
TR,25453,48
TR,25456,48
RE,10005,47
S,32202,47
S,33272,47
S,33274,47
S,33276,47
S,33278,47
S,33279,47
IC,2007,46
IC,IC 2403,46
NX,17401,46
NX,17404,46
NX,26805,46
RB,10251,46
RB,10600,46
RB,10645,46
S,30604,46
S,31625,46
S,31629,46
S,32121,46
S,32131,46
S,32148,46
S,32155,46
S,32156,46
S,32163,46
S,32164,46
S,32171,46
S,32172,46
S,32179,46
S,32180,46
S,32187,46
S,32188,46
S,32195,46
S,32196,46
S,33103,46
S,33104,46
S,33111,46
S,33112,46
S,33119,46
S,33120,46
S,33123,46
S,33127,46
S,33128,46
S,33131,46
S,33135,46
S,33136,46
S,33139,46
S,33143,46
S,33148,46
S,33161,46
S,33281,46
RB,10642,45
RB,10644,45
RE,10040,45
RE,10489,45
RE,10491,45
RE,10493,45
NX,17387,44
NX,17390,44
NX,17433,44
RB,10638,44
S,31003,44
S,31639,44
S,31641,44
S,33149,44
S,33150,44
S,33151,44
S,33152,44
S,33153,44
S,33154,44
S,33155,44
S,31008,43
NX,17435,42
NX,17436,42
RE,10490,42
RE,10492,42
RE,10494,42
S,33160,42
S,33165,42
S,33289,42
IC,IC 2008,41
S,31004,41
IC,IC 2041,40
ICE,524,40
NX,28545,40
RB,10640,40
S,30611,40
NX,89745,39
RE,10953,39
S,32211,39
S,32212,39
S,32220,39
S,32221,39
S,32231,39
IC,IC 2966,38
RB,10283,38
RB,10285,38
RB,10289,38
S,31634,38
S,32068,38
S,32071,38
IC,IC 2214,37
IC,IC 2215,37
IC,IC 2977,37
RB,10286,37
RB,10288,37
IC,IC 2960,36
ICE,710,36
NX,26806,36
NX,26854,36
NX,26855,36
NX,26856,36
NX,26857,36
NX,28502,36
RE,10042,36
RE,10044,36
RE,10900,36
S,30610,36
S,30614,36
S,30617,36
S,30618,36
S,30621,36
S,30622,36
S,30625,36
S,30626,36
S,30629,36
S,30630,36
S,30633,36
S,30634,36
S,30637,36
S,30638,36
S,30641,36
S,30642,36
S,30645,36
S,30646,36
S,30649,36
S,30650,36
S,30653,36
S,30654,36
S,30657,36
S,30658,36
S,30661,36
S,30662,36
S,30665,36
S,30666,36
S,30669,36
S,30670,36
S,30673,36
S,30674,36
S,30677,36
S,30678,36
S,30681,36
S,30682,36
S,30685,36
S,30686,36
S,30689,36
S,30690,36
S,30693,36
S,30694,36
S,30697,36
S,30698,36
S,31601,36
S,31602,36
S,31605,36
S,31606,36
S,31609,36
S,31610,36
S,31613,36
S,31614,36
S,31617,36
S,31618,36
S,31621,36
S,31622,36
S,31626,36
S,31632,36
S,31633,36
S,31636,36
S,31638,36
S,31643,36
S,32106,36
S,32110,36
S,32114,36
S,32115,36
S,32118,36
S,32119,36
S,32120,36
S,32124,36
S,32125,36
S,32129,36
S,32132,36
S,32135,36
S,32136,36
S,32139,36
S,32143,36
S,32144,36
S,32147,36
S,32151,36
S,32152,36
S,32159,36
S,32160,36
S,32167,36
S,32168,36
S,32175,36
S,32176,36
S,32183,36
S,32184,36
S,32191,36
S,32192,36
S,32199,36
S,33100,36
S,33107,36
S,33108,36
S,33115,36
S,33116,36
S,33124,36
S,33132,36
S,33140,36
S,32200,35
IC,IC 2007,34
S,31650,34
S,32111,34
ICE,ICE 856,33
RB,10452,33
RB,10454,33
RE,10800,33
RE,10940,33
RE,10942,33
IC,IC 2967,32
RB,10457,32
RB,10459,32
RE,10849,32
S,31031,32
S,31034,32
S,31041,32
S,31042,32
S,31050,32
S,31051,32
S,31058,32
S,31059,32
S,31066,32
S,31067,32
S,31074,32
S,31075,32
S,31082,32
S,31083,32
S,31090,32
S,31091,32
S,31098,32
S,31099,32
S,31637,32
S,32006,32
S,32007,32
S,32014,32
S,32015,32
S,32022,32
S,32023,32
S,32030,32
S,32031,32
S,32041,32
S,32102,32
S,32109,32
EUR,9459,31
FLX,1321,31
FLX,1328,31
IC,2200,31
IC,2203,31
IC,2204,31
IC,2207,31
IC,IC 2009,31
ICE,10,31
ICE,100,31
ICE,101,31
ICE,1010,31
ICE,1011,31
ICE,1013,31
ICE,1015,31
ICE,102,31
ICE,103,31
ICE,104,31
ICE,105,31
ICE,1050,31
ICE,1055,31
ICE,106,31
ICE,107,31
ICE,108,31
ICE,109,31
ICE,11,31
ICE,12,31
ICE,13,31
ICE,14,31
ICE,15,31
ICE,1540,31
ICE,1541,31
ICE,1543,31
ICE,1546,31
ICE,1548,31
ICE,1549,31
ICE,16,31
ICE,17,31
ICE,18,31
ICE,19,31
ICE,200,31
ICE,201,31
ICE,202,31
ICE,203,31
ICE,204,31
ICE,205,31
ICE,206,31
ICE,208,31
ICE,218,31
ICE,219,31
ICE,314,31
ICE,315,31
ICE,316,31
ICE,317,31
ICE,318,31
ICE,511,31
ICE,512,31
ICE,513,31
ICE,514,31
ICE,515,31
ICE,516,31
ICE,517,31
ICE,518,31
ICE,519,31
ICE,521,31
ICE,525,31
ICE,527,31
ICE,528,31
ICE,529,31
ICE,543,31
ICE,544,31
ICE,545,31
ICE,546,31
ICE,547,31
ICE,548,31
ICE,549,31
ICE,610,31
ICE,611,31
ICE,612,31
ICE,613,31
ICE,614,31
ICE,615,31
ICE,616,31
ICE,617,31
ICE,618,31
ICE,620,31
ICE,621,31
ICE,622,31
ICE,625,31
ICE,626,31
ICE,628,31
ICE,629,31
ICE,640,31
ICE,641,31
ICE,642,31
ICE,643,31
ICE,644,31
ICE,645,31
ICE,720,31
ICE,721,31
ICE,722,31
ICE,723,31
ICE,724,31
ICE,725,31
ICE,726,31
ICE,727,31
ICE,728,31
ICE,729,31
ICE,821,31
ICE,843,31
ICE,845,31
ICE,846,31
ICE,847,31
ICE,848,31
ICE,849,31
ICE,912,31
ICE,915,31
ICE,916,31
ICE,918,31
ICE,919,31
ICE,940,31
ICE,941,31
ICE,942,31
ICE,943,31
ICE,944,31
ICE,945,31
ICE,946,31
ICE,947,31
NX,17438,31
RB,10854,31
RB,10855,31
RB,10856,31
RB,10857,31
RB,10858,31
RB,10859,31
RB,10860,31
RB,10861,31
RB,10862,31
RB,10863,31
RB,10864,31
RB,10865,31
RB,10866,31
RB,10867,31
RB,10868,31
RB,10869,31
RB,10870,31
RB,10871,31
RB,10872,31
RB,10873,31
RB,10874,31
RB,10875,31
RB,10876,31
RB,10877,31
RB,10878,31
RB,10879,31
IC,2009,30
IC,2201,30
ICE,1052,30
ICE,1053,30
ICE,319,30
ICE,542,30
ICE,623,30
ICE,624,30
ICE,627,30
ICE,820,30
ICE,824,30
ICE,ICE 858,30
RE,10463,30
RE,10465,30
RE,10467,30
RE,10469,30
RE,10470,30
RE,10471,30
RE,10472,30
RE,10473,30
RE,10474,30
RE,10475,30
RE,10476,30
RE,10477,30
RE,10478,30
RE,10479,30
RE,10480,30
RE,10481,30
RE,10482,30
RE,10483,30
RE,10484,30
RE,10485,30
RE,10486,30
RE,10487,30
RE,10488,30
S,30606,30
S,31011,30
S,31630,30
S,31640,30
S,31642,30
S,31645,30
S,31647,30
S,31648,30
S,31649,30
S,31651,30
S,31657,30
TR,TR 26,30
EUR,9423,29
ICE,1512,29
ICE,1514,29
ICE,1515,29
ICE,1516,29
ICE,1517,29
ICE,1518,29
ICE,1519,29
ICE,1610,29
ICE,1611,29
ICE,1612,29
ICE,1613,29
ICE,1713,29
ICE,1714,29
ICE,844,29
RB,10250,29
RB,10880,29
RB,10881,29
RE,10941,29
EUR,9426,28
EUR,9474,28
ICE,1542,28
ICE,207,28
ICE,526,28
ICE,ICE 1547,28
IC,IC 2343,27
ICE,ICE 1544,27
ICE,ICE 1746,27
ICE,ICE 2204,27
ICE,ICE 2207,27
NX,17382,27
NX,17383,27
EC,EC 7,26
EC,EC 9,26
EUR,9486,26
IC,IC 1744,26
IC,IC 1745,26
IC,IC 1746,26
IC,IC 1747,26
IC,IC 1748,26
IC,IC 1749,26
IC,IC 2340,26
IC,IC 2341,26
ICE,910,26
ICE,ICE 1621,26
ICE,ICE 812,26
ICE,ICE 904,26
ICE,ICE 928,26
NX,26852,26
S,30613,26
S,30624,26
S,30631,26
S,30632,26
S,30639,26
S,32100,26
S,32117,26
S,32122,26
S,32127,26
S,32137,26
S,32145,26
S,33167,26
EUR,9411,25
FLX,1324,25
FLX,1325,25
IC,60403,25
ICE,ICE 852,25
ICE,ICE 859,25
NJ,403,25
NJ,468,25
EC,EC 6,24
EC,EC 8,24
IC,2006,24
ICE,1012,24
ICE,1014,24
ICE,541,24
ICE,646,24
ICE,822,24
ICE,911,24
ICE,913,24
ICE,ICE 647,24
ICE,ICE 810,24
ICE,ICE 950,24
ICE,ICE 951,24
ICE,ICE 952,24
ICE,ICE 953,24
ICE,ICE 954,24
ICE,ICE 955,24
RE,10955,24
S,30602,24
S,30609,24
S,32052,24
S,32105,24
S,32225,24
S,32230,24
S,32235,24
S,32238,24
S,32243,24
S,32246,24
S,32251,24
S,32254,24
S,32259,24
S,32264,24
S,32267,24
S,32274,24
S,32281,24
S,32286,24
S,32295,24
S,32298,24
S,32453,24
S,33209,24
S,33210,24
S,33222,24
S,33223,24
S,33234,24
S,33237,24
S,33246,24
S,33247,24
S,33257,24
S,33258,24
S,33265,24
S,33299,24
EUR,9471,23
ICE,119,23
ICE,619,23
ICE,ICE 902,23
NJ,469,23
RB,10852,23
RB,10853,23
FLX,1800,22
ICE,118,22
ICE,ICE 540,22
ICE,ICE 909,22
NX,26842,22
NX,26846,22
FLX,1809,21
NX,26840,21
NX,26845,21
NX,26847,21
NX,89738,21
NX,89747,21
EUR,9438,20
EUR,9450,20
IC,IC 2200,20
IC,IC 2209,20
IC,IC 2344,20
ICE,1220,20
ICE,823,20
ICE,ICE 815,20
NX,17437,20
RE,10847,20
IC,IC 2342,19
ICE,1513,19
ICE,ICE 1222,19
ICE,ICE 1252,19
ICE,ICE 152,19
ICE,ICE 153,19
ICE,ICE 154,19
ICE,ICE 155,19
ICE,ICE 156,19
ICE,ICE 157,19
ICE,ICE 158,19
ICE,ICE 159,19
ICE,ICE 956,19
S,31032,19
S,31039,19
S,31045,19
S,32036,19
S,32039,19
ICE,1511,18
ICE,1716,18
ICE,711,18
ICE,712,18
ICE,713,18
RB,10850,18
RB,10851,18
S,31009,18
S,32305,18
S,32306,18
S,32307,18
S,32308,18
S,32309,18
S,32310,18
S,32311,18
S,32312,18
S,32313,18
S,32314,18
S,32315,18
S,32316,18
S,32317,18
S,32318,18
S,32319,18
S,32320,18
S,32321,18
S,32322,18
S,32323,18
S,32324,18
S,32325,18
S,32326,18
S,32327,18
S,32328,18
S,32329,18
S,32330,18
S,32331,18
S,32332,18
S,32333,18
S,32334,18
S,32335,18
S,32336,18
S,32337,18
S,32338,18
S,32339,18
S,32340,18
S,32341,18
S,32342,18
S,32343,18
S,32344,18
S,32345,18
S,32346,18
S,32347,18
S,32348,18
S,32349,18
S,32350,18
S,32351,18
S,32352,18
S,32353,18
S,32354,18
S,32355,18
S,32356,18
S,32357,18
S,32358,18
S,32359,18
S,32360,18
S,32361,18
S,32362,18
S,32363,18
S,32364,18
S,32365,18
S,32366,18
S,32367,18
S,32368,18
S,32369,18
S,32370,18
S,32371,18
S,32372,18
S,32373,18
S,32374,18
S,32375,18
S,32376,18
S,32377,18
S,32378,18
S,32379,18
S,32380,18
S,32381,18
S,32382,18
S,32383,18
S,32384,18
S,32385,18
S,32386,18
S,32387,18
S,32388,18
S,32389,18
S,32390,18
S,32391,18
S,32392,18
S,32393,18
S,32394,18
S,32395,18
S,32396,18
S,32397,18
S,32398,18
S,32399,18
S,32400,18
S,32401,18
S,32402,18
ICE,1250,17
ICE,1251,17
ICE,1253,17
ICE,1254,17
ICE,1255,17
ICE,152,17
ICE,153,17
ICE,154,17
ICE,155,17
ICE,156,17
ICE,157,17
ICE,158,17
ICE,159,17
ICE,ICE 1250,17
ICE,ICE 1251,17
ICE,ICE 1254,17
ICE,ICE 1255,17
ICE,ICE 903,17
S,32301,17
S,32303,17
S,32304,17
S,32403,17
S,32404,17
S,32405,17
S,32406,17
S,32407,17
S,32408,17
S,32409,17
S,32410,17
S,32411,17
S,32412,17
FLX,1322,16
FLX,1327,16
IC,IC 2208,16
ICE,1252,16
NX,26853,16
RB,10646,16
RE,10807,16
RE,10826,16
RE,10848,16
S,30640,16
S,30647,16
S,30648,16
S,30655,16
S,30656,16
S,30663,16
S,30664,16
S,30671,16
S,30672,16
S,30679,16
S,30680,16
S,30687,16
S,30688,16
S,30695,16
S,30696,16
S,31603,16
S,31604,16
S,31611,16
S,31612,16
S,31619,16
S,31620,16
S,31627,16
S,31628,16
S,31635,16
S,32104,16
S,32107,16
S,32130,16
S,32142,16
S,32150,16
S,32153,16
S,32158,16
S,32161,16
S,32166,16
S,32169,16
S,32174,16
S,32177,16
S,32182,16
S,32185,16
S,32190,16
S,32193,16
S,32198,16
S,33101,16
S,33106,16
S,33109,16
S,33114,16
S,33117,16
S,33122,16
S,33125,16
S,33130,16
S,33133,16
S,33138,16
S,33141,16
S,33164,16
S,33168,16
S,33169,16
S,33171,16
S,33172,16
FLX,1320,15
FLX,1329,15
IC,2155,15
IC,2156,15
IC,2157,15
ICE,1747,15
ICE,ICE 1059,15
RB,10464,15
RB,10466,15
RB,10468,15
RE,10461,15
RE,10462,15
RE,10464,15
RE,10466,15
RE,10468,15
RE,10952,15
S,32204,15
S,32215,15
S,32228,15
S,32262,15
S,32269,15
S,32272,15
S,32273,15
S,32277,15
S,32278,15
S,32283,15
S,32284,15
S,32287,15
S,32290,15
S,32291,15
S,32296,15
S,32297,15
S,32441,15
S,32443,15
S,32444,15
S,32445,15
S,32446,15
S,32447,15
S,32448,15
S,32449,15
S,32451,15
S,32455,15
S,32457,15
S,32459,15
S,32461,15
S,32463,15
S,33202,15
S,33203,15
S,33207,15
S,33208,15
S,33213,15
S,33214,15
S,33217,15
S,33220,15
S,33221,15
S,33226,15
S,33227,15
S,33229,15
S,33232,15
S,33235,15
S,33236,15
S,33241,15
S,33244,15
S,33250,15
S,33253,15
S,33256,15
S,33267,15
S,33291,15
S,33293,15
S,33295,15
S,33297,15
EUR,9414,14
EUR,9435,14
IC,IC 2006,14
IC,IC 2540,14
IC,IC 2541,14
ICE,120,14
ICE,121,14
ICE,122,14
ICE,123,14
ICE,124,14
ICE,125,14
ICE,126,14
ICE,127,14
ICE,128,14
ICE,129,14
ICE,220,14
ICE,221,14
ICE,222,14
ICE,224,14
ICE,225,14
ICE,522,14
ICE,ICE 758,14
ICE,ICE 957,14
RE,10843,14
FLX,1801,13
IC,IC 1905,13
IC,IC 1906,13
IC,IC 2002,13
ICE,ICE 1030,13
ICE,ICE 1038,13
ICE,ICE 1051,13
ICE,ICE 114,13
ICE,ICE 115,13
ICE,ICE 1253,13
ICE,ICE 731,13
ICE,ICE 759,13
ICE,ICE 813,13
ICE,ICE 816,13
ICE,ICE 817,13
ICE,ICE 818,13
ICE,ICE 819,13
ICE,ICE 900,13
ICE,ICE 901,13
ICE,ICE 905,13
ICE,ICE 914,13
S,31901,13
S,31902,13
S,31903,13
S,31904,13
S,31905,13
S,31906,13
S,31907,13
S,31908,13
S,31909,13
S,31910,13
S,31913,13
S,31914,13
S,31918,13
S,31920,13
S,31921,13
S,31922,13
S,31924,13
S,31926,13
S,31927,13
S,31928,13
S,31929,13
S,31930,13
S,31931,13
S,31932,13
S,31933,13
S,31934,13
S,31935,13
S,31936,13
S,31937,13
S,31938,13
S,31939,13
S,31940,13
S,31941,13
S,31942,13
S,31943,13
S,31944,13
S,31945,13
S,31946,13
S,31947,13
S,31948,13
S,31949,13
S,31950,13
S,31951,13
S,31952,13
S,31953,13
S,31954,13
S,31955,13
S,31956,13
S,31957,13
S,31958,13
S,31959,13
S,31960,13
S,31961,13
S,31962,13
S,31963,13
S,31964,13
S,31965,13
S,31966,13
S,31967,13
S,31969,13
S,31971,13
S,31972,13
S,31974,13
S,31975,13
S,31976,13
S,31977,13
S,31978,13
S,31979,13
S,31981,13
S,33162,13
Bus,Bus RB30,12
FLX,1806,12
IC,IC 2005,12
ICE,ICE 550,12
MSM,MSM,12
NX,NX 48,12
S,32205,12
IC,IC 2004,11
ICE,ICE 814,11
NX,17447,11
NX,NX 1,11
S,33287,11
UEX,UEX,11
Bus,Bus RE9X,10
IC,2305,10
IC,2306,10
IC,IC 1952,10
IC,IC 1959,10
ICE,1883,10
ICE,510,10
ICE,647,10
ICE,902,10
ICE,ICE 1223,10
ICE,ICE 811,10
RB,10291,10
S,30608,10
S,30616,10
S,30623,10
S,31654,10
S,31656,10
S,31658,10
S,31659,10
S,31660,10
S,31661,10
S,31662,10
S,31663,10
S,31664,10
S,31665,10
S,31666,10
S,31667,10
S,31668,10
S,31669,10
S,31670,10
S,31671,10
S,31672,10
S,31673,10
S,31674,10
S,31675,10
S,31676,10
S,31677,10
S,31678,10
S,31679,10
S,31680,10
S,31681,10
S,31682,10
S,31683,10
S,31684,10
S,31685,10
S,31686,10
S,31687,10
S,31688,10
S,31689,10
S,31690,10
S,31691,10
S,31692,10
S,31693,10
S,31694,10
S,31695,10
S,31696,10
S,31697,10
S,31698,10
S,31699,10
S,31898,10
S,32108,10
S,32116,10
S,32126,10
S,32138,10
S,33173,10
S,33174,10
S,33175,10
S,33176,10
S,33177,10
S,33178,10
S,33179,10
S,33180,10
S,33181,10
S,33182,10
S,33183,10
S,33184,10
S,33185,10
S,33186,10
S,33187,10
S,33188,10
S,33189,10
S,33190,10
S,33192,10
S,33194,10
S,33196,10
IC,IC 2042,9
IC,IC 2043,9
IC,IC 2444,9
ICE,ICE 2509,9
RE,10011,9
RE,10016,9
RE,10020,9
RE,10460,9
EUR,9447,8
IC,IC 1881,8
IC,IC 1886,8
IC,IC 2445,8
ICE,540,8
ICE,ICE 1031,8
ICE,ICE 2508,8
RB,93492,8
RB,93493,8
RB,93496,8
RB,93497,8
RB,93599,8
S,30600,8
S,30601,8
S,30603,8
S,31652,8
S,31919,8
S,31925,8
Bus,1000,7
Bus,6003,7
ICE,209,7
ICE,ICE 1120,7
ICE,ICE 2505,7
ICE,ICE 2507,7
ICE,ICE 2600,7
ICE,ICE 2602,7
ICE,ICE 2604,7
ICE,ICE 2606,7
ICE,ICE 2607,7
ICE,ICE 2608,7
ICE,ICE 2609,7
ICE,ICE 2610,7
ICE,ICE 2611,7
ICE,ICE 2613,7
ICE,ICE 756,7
Bus,1002,6
Bus,1004,6
Bus,1006,6
Bus,1957,6
Bus,1958,6
Bus,1960,6
Bus,1963,6
Bus,1965,6
Bus,1978,6
Bus,1991,6
Bus,1993,6
Bus,1995,6
Bus,1997,6
Bus,233,6
Bus,253,6
Bus,255,6
Bus,259,6
Bus,263,6
Bus,265,6
Bus,267,6
Bus,269,6
Bus,271,6
Bus,273,6
Bus,275,6
Bus,6000,6
Bus,6002,6
Bus,6005,6
Bus,6006,6
Bus,61005,6
Bus,61007,6
Bus,64160,6
Bus,64162,6
Bus,64164,6
Bus,64166,6
IC,IC 1144,6
ICE,ICE 1121,6
ICE,ICE 1122,6
ICE,ICE 1123,6
ICE,ICE 2601,6
ICE,ICE 2603,6
ICE,ICE 2605,6
ICE,ICE 2612,6
ICE,ICE 2614,6
ICE,ICE 551,6
ICE,ICE 872,6
ICE,ICE 892,6
S,30615,6
TR,25558,6
TR,25560,6
Bus,1010,5
Bus,1980,5
Bus,1985,5
Bus,1989,5
Bus,61001,5
Bus,61009,5
Bus,61011,5
Bus,61013,5
Bus,64150,5
Bus,64152,5
Bus,64154,5
Bus,9001,5
Bus,9005,5
EUR,9477,5
IC,2208,5
IC,IC 1142,5
IC,IC 1145,5
IC,IC 1883,5
IC,IC 1884,5
IC,IC 1885,5
ICE,903,5
ICE,ICE 2503,5
S,31911,5
S,31912,5
S,31915,5
S,31916,5
S,31917,5
S,31923,5
Bus,1008,4
Bus,1959,4
Bus,1966,4
Bus,1967,4
Bus,1968,4
Bus,1969,4
Bus,1970,4
Bus,1981,4
Bus,1982,4
Bus,1986,4
Bus,1987,4
Bus,1988,4
Bus,1990,4
Bus,1992,4
Bus,6007,4
Bus,6015,4
Bus,6203,4
Bus,6205,4
Bus,6207,4
Bus,6402,4
Bus,6403,4
Bus,6404,4
Bus,6405,4
Bus,6406,4
Bus,6407,4
FLX,1803,4
FLX,1808,4
IC,IC 1889,4
IC,IC 1950,4
IC,IC 1956,4
IC,IC 1957,4
ICE,ICE 2518,4
ICE,ICE 2578,4
ICE,ICE 2579,4
RB,93208,4
RB,93209,4
RB,93212,4
RB,93297,4
RB,94001,4
RB,94002,4
RE,93207,4
RE,93210,4
RE,93211,4
Bus,1200,3
Bus,1201,3
Bus,1202,3
Bus,1207,3
Bus,1209,3
Bus,1211,3
Bus,1213,3
Bus,1222,3
Bus,1228,3
Bus,1229,3
Bus,1230,3
Bus,1232,3
Bus,1235,3
Bus,1236,3
Bus,1237,3
Bus,1238,3
Bus,1239,3
Bus,1240,3
Bus,1241,3
Bus,1243,3
Bus,1901,3
Bus,1902,3
Bus,1903,3
Bus,1904,3
Bus,1905,3
Bus,1964,3
Bus,1972,3
Bus,1976,3
Bus,1984,3
Bus,1994,3
Bus,1996,3
Bus,1999,3
Bus,227,3
Bus,229,3
Bus,6100,3
Bus,6103,3
Bus,6104,3
Bus,6105,3
Bus,9006,3
Bus,9008,3
Bus,9009,3
EUR,9462,3
EUR,9483,3
IC,2209,3
ICE,ICE 254,3
ICE,ICE 735,3
NX,NX 6,3
RB,10490,3
RB,10492,3
RB,10494,3
RB,93314,3
RE,93206,3
RE,93298,3
RE,93494,3
RE,93495,3
RE,93499,3
TR,25556,3
TR,25587,3
Bus,1001,2
Bus,1005,2
Bus,1108,2
Bus,1110,2
Bus,1112,2
Bus,1118,2
Bus,1203,2
Bus,1224,2
Bus,1233,2
Bus,1234,2
Bus,1906,2
Bus,1908,2
Bus,1909,2
Bus,1956,2
Bus,1961,2
Bus,1962,2
Bus,1979,2
Bus,1983,2
Bus,6001,2
Bus,6004,2
Bus,6009,2
Bus,6010,2
Bus,6016,2
Bus,6017,2
Bus,6019,2
Bus,6021,2
Bus,6102,2
Bus,6200,2
Bus,6202,2
Bus,6204,2
Bus,6208,2
Bus,6400,2
Bus,6408,2
Bus,6409,2
Bus,6410,2
Bus,6701,2
Bus,6900,2
Bus,6902,2
Bus,6904,2
Bus,6906,2
Bus,6907,2
Bus,6908,2
Bus,6909,2
Bus,6910,2
Bus,6911,2
Bus,6912,2
Bus,6913,2
Bus,6914,2
Bus,6915,2
Bus,6916,2
Bus,6917,2
Bus,6918,2
Bus,6919,2
Bus,6920,2
Bus,6921,2
Bus,6922,2
Bus,6923,2
Bus,6924,2
Bus,6925,2
Bus,6926,2
Bus,6927,2
Bus,6928,2
Bus,6930,2
Bus,6932,2
IC,1147,2
IC,IC 1049,2
IC,IC 1887,2
IC,IC 2305,2
IC,IC 2306,2
IC,IC 2337,2
ICE,ICE 1018,2
ICE,ICE 1019,2
ICE,ICE 250,2
ICE,ICE 251,2
ICE,ICE 252,2
ICE,ICE 253,2
ICE,ICE 255,2
ICE,ICE 8,2
ICE,ICE 840,2
NJ,40490,2
NJ,420,2
NX,29493,2
NX,93565,2
RE,93498,2
TRI,28548,2
TRI,28987,2
TRI,93532,2
UEX,1389,2
Bus,1003,1
Bus,1007,1
Bus,1009,1
Bus,1100,1
Bus,1102,1
Bus,1104,1
Bus,1106,1
Bus,1204,1
Bus,1205,1
Bus,1206,1
Bus,1208,1
Bus,1210,1
Bus,1212,1
Bus,1214,1
Bus,1215,1
Bus,1216,1
Bus,1217,1
Bus,1223,1
Bus,1225,1
Bus,1226,1
Bus,1227,1
Bus,1231,1
Bus,1400,1
Bus,1402,1
Bus,1404,1
Bus,1406,1
Bus,1410,1
Bus,1971,1
Bus,1973,1
Bus,1974,1
Bus,1975,1
Bus,1977,1
Bus,6011,1
Bus,6023,1
Bus,6107,1
Bus,6108,1
Bus,6109,1
Bus,6111,1
Bus,6201,1
Bus,6209,1
Bus,6601,1
Bus,6602,1
Bus,6604,1
Bus,6605,1
Bus,6606,1
Bus,6607,1
Bus,6608,1
Bus,6609,1
Bus,6702,1
Bus,6703,1
Bus,6704,1
Bus,6705,1
Bus,6706,1
Bus,6707,1
Bus,6708,1
Bus,6709,1
Bus,6710,1
Bus,6711,1
Bus,6712,1
Bus,6713,1
Bus,6714,1
Bus,6715,1
Bus,6716,1
Bus,6717,1
Bus,6718,1
Bus,6719,1
Bus,6720,1
Bus,6721,1
Bus,6722,1
Bus,6723,1
Bus,6724,1
Bus,6725,1
Bus,6726,1
Bus,6727,1
Bus,6728,1
Bus,6729,1
Bus,6730,1
Bus,6731,1
Bus,6732,1
Bus,6733,1
Bus,6734,1
Bus,6735,1
Bus,6736,1
Bus,6737,1
Bus,6738,1
Bus,6739,1
Bus,6740,1
Bus,6741,1
Bus,6742,1
Bus,6743,1
Bus,6744,1
Bus,6745,1
Bus,6746,1
Bus,6747,1
Bus,6748,1
Bus,6749,1
Bus,6750,1
Bus,6751,1
Bus,6752,1
Bus,6753,1
Bus,6754,1
Bus,6755,1
Bus,6756,1
Bus,6757,1
Bus,6758,1
Bus,6759,1
Bus,6760,1
Bus,6761,1
Bus,6762,1
Bus,6763,1
Bus,6764,1
Bus,6765,1
Bus,6766,1
Bus,6767,1
Bus,6768,1
Bus,6769,1
Bus,6770,1
Bus,6771,1
Bus,6772,1
Bus,6773,1
Bus,6774,1
Bus,6775,1
Bus,6776,1
Bus,6777,1
Bus,6778,1
Bus,6779,1
Bus,6780,1
Bus,6781,1
Bus,6782,1
Bus,6783,1
Bus,6784,1
Bus,6785,1
Bus,6786,1
Bus,6787,1
Bus,6788,1
Bus,6789,1
Bus,6790,1
Bus,6791,1
Bus,6792,1
Bus,6793,1
Bus,6794,1
Bus,6795,1
Bus,6796,1
Bus,6797,1
Bus,6798,1
Bus,6799,1
Bus,6800,1
Bus,6801,1
Bus,6802,1
Bus,6803,1
Bus,6804,1
Bus,6805,1
Bus,6806,1
Bus,6807,1
Bus,6808,1
Bus,6809,1
Bus,6810,1
Bus,6811,1
Bus,6812,1
Bus,6813,1
Bus,6814,1
Bus,6815,1
Bus,6816,1
Bus,6817,1
Bus,6818,1
Bus,6819,1
Bus,6820,1
Bus,6821,1
Bus,6822,1
Bus,6823,1
Bus,6824,1
Bus,6825,1
Bus,6826,1
Bus,6827,1
Bus,6828,1
Bus,6829,1
Bus,6830,1
Bus,6831,1
Bus,6832,1
Bus,6833,1
Bus,6834,1
Bus,6835,1
Bus,6836,1
Bus,6837,1
Bus,6838,1
Bus,6839,1
Bus,6840,1
Bus,6841,1
Bus,6842,1
Bus,6843,1
Bus,6844,1
Bus,6845,1
Bus,6846,1
Bus,6847,1
Bus,6848,1
Bus,6849,1
Bus,6850,1
Bus,6851,1
Bus,6852,1
Bus,6853,1
Bus,6854,1
Bus,6855,1
Bus,6856,1
Bus,6857,1
Bus,6858,1
Bus,6859,1
Bus,6860,1
Bus,6861,1
Bus,6862,1
Bus,6863,1
Bus,6864,1
Bus,6865,1
Bus,6866,1
Bus,6867,1
Bus,6868,1
Bus,6869,1
Bus,6870,1
Bus,6871,1
Bus,6872,1
Bus,6873,1
Bus,6874,1
Bus,6875,1
Bus,6876,1
Bus,6877,1
Bus,6878,1
Bus,6879,1
Bus,6880,1
Bus,6881,1
Bus,6882,1
Bus,6883,1
Bus,6884,1
Bus,6885,1
Bus,6886,1
Bus,6887,1
Bus,6888,1
Bus,6889,1
Bus,6890,1
Bus,6891,1
Bus,6892,1
Bus,6893,1
Bus,6894,1
Bus,6895,1
Bus,6896,1
Bus,6897,1
Bus,6898,1
Bus,6899,1
Bus,6901,1
Bus,6903,1
Bus,6905,1
IC,1141,1
IC,1149,1
IC,IC 1882,1
IC,IC 2443,1
IC,IC 2859,1
IC,IC 2861,1
ICE,ICE 1118,1
ICE,ICE 2504,1
ICE,ICE 2965,1
ICE,ICE 2967,1
NJ,40421,1
NJ,421,1
NX,27787,1
NX,91428,1
NX,92990,1
NX,92991,1
NX,92992,1
NX,92993,1
RB,18990,1
RB,18993,1
RB,93312,1
RE,18904,1
TRI,26923,1
UEX,1388,1
UEX,342,1
